{"train loss": 0.13505201337032774, "val_inflamm_auc": 0.6231585995791084, "val_scc_auc": 0.787352594438331, "val_benign_auc": 0.7773940207509236, "val_auc": 0.729301738256121, "epoch": 12, "_timestamp": 1677089925.1440318, "_runtime": 84440.99503564835, "_step": 55}