{"train loss": 0.09040448855016564, "val_inflamm_auc": 0.6268710991596111, "val_scc_auc": 0.7479445201647209, "val_benign_auc": 0.7457562002424598, "val_auc": 0.7068572731889305, "epoch": 24, "_timestamp": 1677003788.0490177, "_runtime": 49837.291430711746, "_step": 24}