{"train loss": 0.07913871826517775, "val_inflamm_auc": 0.6139986889005327, "val_scc_auc": 0.7802231481503281, "val_benign_auc": 0.770403216270766, "val_auc": 0.7215416844405422, "epoch": 21, "_timestamp": 1676948100.5394309, "_runtime": 12034.76566195488, "_step": 21}