{"train loss": 0.043343859858100874, "val_inflamm_auc": 0.6568792768993473, "val_scc_auc": 0.7894375094938723, "val_benign_auc": 0.7830888600787737, "val_auc": 0.7431352154906644, "epoch": 14, "_timestamp": 1676891315.1267617, "_runtime": 40044.92916178703, "_step": 14, "_wandb": {"runtime": 40041}}