{"train loss": 0.08712196935463443, "val_inflamm_auc": 0.6375603802820322, "val_scc_auc": 0.8459281768481599, "val_benign_auc": 0.8342465769464338, "val_auc": 0.7725783780255421, "epoch": 7, "_timestamp": 1676770893.8809133, "_runtime": 30947.25479030609, "_step": 7, "_wandb": {"runtime": 33619}}