{"train loss": 0.12892089460207068, "val_inflamm_auc": 0.6575379185232397, "val_scc_auc": 0.8236462840571985, "val_benign_auc": 0.8155324862617227, "val_auc": 0.7655722296140537, "epoch": 12, "_timestamp": 1677176335.4605205, "_runtime": 84571.44072842598, "_step": 51}