{"train loss": 0.2049564956124456, "val_inflamm_auc": 0.5835620140980863, "val_scc_auc": 0.7282800415123797, "val_benign_auc": 0.7199710379807267, "val_auc": 0.6772710311970642, "epoch": 0, "_timestamp": 1676927176.1364243, "_runtime": 4608.810630321503, "_step": 0}