{"eta_seconds": 551.5577554889023, "fast_rcnn/cls_accuracy": 0.23583984375, "fast_rcnn/false_negative": 0.1706813356494885, "fast_rcnn/fg_cls_accuracy": 0.20750700280112044, "iteration": 9, "mask_rcnn/accuracy": 0.6583259770183734, "mask_rcnn/false_negative": 0.001336532733125094, "mask_rcnn/false_positive": 0.9688980977349488, "roi_head/num_bg_samples": 443.0, "roi_head/num_fg_samples": 69.0, "rpn/num_neg_anchors": 223.5, "rpn/num_pos_anchors": 32.5}
{"data_time": 0.012885757256299257, "iteration": 8, "loss_box_reg": 0.5093798637390137, "loss_cls": 1.129854440689087, "loss_mask": 0.6880508661270142, "loss_rpn_cls": 0.3010297417640686, "loss_rpn_loc": 0.050524137914180756, "lr": 2.248e-06, "time": 0.5571290459483862, "total_loss": 2.691107504069805}
{"data_time": 0.15922575304284692, "eta_seconds": 1123.4446845715865, "fast_rcnn/cls_accuracy": 0.7951171875, "fast_rcnn/false_negative": 0.9114033685108197, "fast_rcnn/fg_cls_accuracy": 0.00303121057838039, "iteration": 19, "loss_box_reg": 0.4491303265094757, "loss_cls": 0.9516473710536957, "loss_mask": 0.6940459311008453, "loss_rpn_cls": 0.2978723347187042, "loss_rpn_loc": 0.04858996346592903, "lr": 4.99525e-06, "mask_rcnn/accuracy": 0.3666255428245224, "mask_rcnn/false_negative": 0.983540399404635, "mask_rcnn/false_positive": 0.005776586449820483, "roi_head/num_bg_samples": 441.6, "roi_head/num_fg_samples": 70.4, "rpn/num_neg_anchors": 222.60000000000002, "rpn/num_pos_anchors": 33.400000000000006, "time": 1.1463721271138638, "total_loss": 2.451016427949071}
{"data_time": 0.1571256243623793, "eta_seconds": 1188.6053328216076, "fast_rcnn/cls_accuracy": 0.8541015625, "fast_rcnn/false_negative": 0.9880173991093313, "fast_rcnn/fg_cls_accuracy": 0.0, "iteration": 39, "loss_box_reg": 0.4620574414730072, "loss_cls": 0.8820482194423676, "loss_mask": 0.6892655491828918, "loss_rpn_cls": 0.2174956202507019, "loss_rpn_loc": 0.045995863154530525, "lr": 9.99025e-06, "mask_rcnn/accuracy": 0.7789516978166944, "mask_rcnn/false_negative": 0.09942069929571468, "mask_rcnn/false_positive": 0.43286433417548353, "roi_head/num_bg_samples": 442.2, "roi_head/num_fg_samples": 69.8, "rpn/num_neg_anchors": 226.2, "rpn/num_pos_anchors": 29.799999999999997, "time": 1.2428836624603719, "total_loss": 2.304353477433324}
{"data_time": 0.14912951784208417, "eta_seconds": 1168.3106427127495, "fast_rcnn/cls_accuracy": 0.8529296875000001, "fast_rcnn/false_negative": 1.0, "fast_rcnn/fg_cls_accuracy": 0.0, "iteration": 59, "loss_box_reg": 0.4813025891780853, "loss_cls": 0.7441291809082031, "loss_mask": 0.678583949804306, "loss_rpn_cls": 0.1084148958325386, "loss_rpn_loc": 0.046060334891080856, "lr": 1.4985249999999999e-05, "mask_rcnn/accuracy": 0.735509693310027, "mask_rcnn/false_negative": 0.02808776278242793, "mask_rcnn/false_positive": 0.6945155085243966, "roi_head/num_bg_samples": 436.70000000000005, "roi_head/num_fg_samples": 75.30000000000001, "rpn/num_neg_anchors": 222.0, "rpn/num_pos_anchors": 34.0, "time": 1.2745155023876578, "total_loss": 2.066902458667755}
{"data_time": 0.16616036160849035, "eta_seconds": 1100.7776594627649, "fast_rcnn/cls_accuracy": 0.8556640625, "fast_rcnn/false_negative": 1.0, "fast_rcnn/fg_cls_accuracy": 0.0, "iteration": 79, "loss_box_reg": 0.48174145817756653, "loss_cls": 0.625267505645752, "loss_mask": 0.6630922853946686, "loss_rpn_cls": 0.0826755203306675, "loss_rpn_loc": 0.04181813821196556, "lr": 1.9980250000000002e-05, "mask_rcnn/accuracy": 0.7246240531840547, "mask_rcnn/false_negative": 0.01648427266326625, "mask_rcnn/false_positive": 0.7630502738568345, "roi_head/num_bg_samples": 438.1, "roi_head/num_fg_samples": 73.9, "rpn/num_neg_anchors": 226.5, "rpn/num_pos_anchors": 29.5, "time": 0.7604037853889167, "total_loss": 1.8968217335641384}
{"eta_seconds": 1090.0091823593248, "fast_rcnn/cls_accuracy": 0.86875, "fast_rcnn/false_negative": 1.0, "fast_rcnn/fg_cls_accuracy": 0.0, "iteration": 88, "mask_rcnn/accuracy": 0.7277567960696184, "mask_rcnn/false_negative": 0.015507661622609255, "mask_rcnn/false_positive": 0.7706840183712997, "roi_head/num_bg_samples": 444.8, "roi_head/num_fg_samples": 67.2, "rpn/num_neg_anchors": 227.1, "rpn/num_pos_anchors": 28.9}
{"data_time": 0.15761704510077834, "iteration": 87, "loss_box_reg": 0.4708454757928848, "loss_cls": 0.5971837639808655, "loss_mask": 0.6562065780162811, "loss_rpn_cls": 0.06752756983041763, "loss_rpn_loc": 0.04471509903669357, "lr": 2.197825e-05, "time": 0.8015709309838712, "total_loss": 1.8265622965991497}
{"data_time": 0.14314089505933225, "eta_seconds": 570.6718387687579, "fast_rcnn/cls_accuracy": 0.1373046875, "fast_rcnn/false_negative": 0.0679202722799453, "fast_rcnn/fg_cls_accuracy": 0.6248318454200807, "iteration": 19, "loss_box_reg": 0.4163603335618973, "loss_cls": 1.2306907773017883, "loss_mask": 0.6966409981250763, "loss_rpn_cls": 0.3303542137145996, "loss_rpn_loc": 0.04656688682734966, "lr": 4.99525e-06, "mask_rcnn/accuracy": 0.3533766428460892, "mask_rcnn/false_negative": 0.9999568663412901, "mask_rcnn/false_positive": 4.273004598135577e-05, "roi_head/num_bg_samples": 447.8, "roi_head/num_fg_samples": 64.2, "rpn/num_neg_anchors": 224.2, "rpn/num_pos_anchors": 31.8, "time": 0.5823182028252631, "total_loss": 2.741224901750684}
{"data_time": 0.14475531922653317, "eta_seconds": 553.1541936099529, "fast_rcnn/cls_accuracy": 0.46699218750000004, "fast_rcnn/false_negative": 0.40721768247726714, "fast_rcnn/fg_cls_accuracy": 0.44020986699512094, "iteration": 39, "loss_box_reg": 0.4602736085653305, "loss_cls": 1.071215808391571, "loss_mask": 0.6919029951095581, "loss_rpn_cls": 0.18831363320350647, "loss_rpn_loc": 0.04734068736433983, "lr": 9.99025e-06, "mask_rcnn/accuracy": 0.7010231368783955, "mask_rcnn/false_negative": 0.3846742783040968, "mask_rcnn/false_positive": 0.14604914806697233, "roi_head/num_bg_samples": 442.9, "roi_head/num_fg_samples": 69.1, "rpn/num_neg_anchors": 226.9, "rpn/num_pos_anchors": 29.1, "time": 0.5672205178998411, "total_loss": 2.4050079062581062}
{"data_time": 0.17440751404501498, "eta_seconds": 544.0265148319304, "fast_rcnn/cls_accuracy": 0.85546875, "fast_rcnn/false_negative": 0.9272441054367042, "fast_rcnn/fg_cls_accuracy": 0.06959259479967422, "iteration": 59, "loss_box_reg": 0.4232890456914902, "loss_cls": 0.8396991193294525, "loss_mask": 0.6817962825298309, "loss_rpn_cls": 0.09142445772886276, "loss_rpn_loc": 0.041008176282048225, "lr": 1.4985249999999999e-05, "mask_rcnn/accuracy": 0.7494088248859642, "mask_rcnn/false_negative": 0.0416137670369497, "mask_rcnn/false_positive": 0.6412798074094381, "roi_head/num_bg_samples": 447.1, "roi_head/num_fg_samples": 64.9, "rpn/num_neg_anchors": 226.1, "rpn/num_pos_anchors": 29.9, "time": 0.5835989299230278, "total_loss": 2.092629060149193}
{"data_time": 0.14468823419883847, "eta_seconds": 530.0070526916534, "fast_rcnn/cls_accuracy": 0.847265625, "fast_rcnn/false_negative": 0.9962287997390737, "fast_rcnn/fg_cls_accuracy": 0.003771200260926288, "iteration": 79, "loss_box_reg": 0.5278567671775818, "loss_cls": 0.686845064163208, "loss_mask": 0.6686834096908569, "loss_rpn_cls": 0.07806963473558426, "loss_rpn_loc": 0.044722409918904305, "lr": 1.9980250000000002e-05, "mask_rcnn/accuracy": 0.7090650213573801, "mask_rcnn/false_negative": 0.020462499166348368, "mask_rcnn/false_positive": 0.7504979535842747, "roi_head/num_bg_samples": 433.6, "roi_head/num_fg_samples": 78.4, "rpn/num_neg_anchors": 223.5, "rpn/num_pos_anchors": 32.5, "time": 0.5720180794596672, "total_loss": 2.000976525247097}
{"data_time": 0.1316449095029384, "eta_seconds": 517.8844256792217, "fast_rcnn/cls_accuracy": 0.8548828125000001, "fast_rcnn/false_negative": 1.0, "fast_rcnn/fg_cls_accuracy": 0.0, "iteration": 99, "loss_box_reg": 0.48669129610061646, "loss_cls": 0.5584961175918579, "loss_mask": 0.6502061486244202, "loss_rpn_cls": 0.06600212678313255, "loss_rpn_loc": 0.042085571214556694, "lr": 2.497525e-05, "mask_rcnn/accuracy": 0.7047615360376603, "mask_rcnn/false_negative": 0.02115167115785019,