{"train loss": 0.2585588522757952, "val_inflamm_auc": 0.5761191373831098, "val_scc_auc": 0.7548393616695497, "val_benign_auc": 0.7458294956243803, "val_auc": 0.6922626648923466, "epoch": 1, "_timestamp": 1677216228.888914, "_runtime": 8385.990710020065, "_step": 4}