{"train loss": 0.13870622464569976, "val_inflamm_auc": 0.6143716489112687, "val_scc_auc": 0.8112412939113904, "val_benign_auc": 0.7983932417252825, "val_auc": 0.7413353948493139, "epoch": 5, "_timestamp": 1676719282.4762304, "_runtime": 33073.85608649254, "_step": 5}