{"train loss": 0.5762582223310515, "val_inflamm_auc": 0.520652523629487, "val_scc_auc": 0.7245887941473965, "val_benign_auc": 0.7385057209339021, "val_auc": 0.6612490129035952, "epoch": 0, "_timestamp": 1676935591.730744, "_runtime": 567.5360238552094, "_step": 0}