{"train loss": 0.36578066152646954, "val_inflamm_auc": 0.5338692425470905, "val_scc_auc": 0.7216050244562603, "val_benign_auc": 0.7093293179459417, "val_auc": 0.6549345283164308, "epoch": 1, "_timestamp": 1676953349.1167, "_runtime": 4577.8033838272095, "_step": 1}